ID,Session Name,Date
2200030051,Solution Challenge,7-Dec-23
2200030053,Solution Challenge,7-Dec-23
2200030068,Solution Challenge,7-Dec-23
2200030079,Solution Challenge,7-Dec-23
2200030080,Solution Challenge,7-Dec-23
2200030147,Solution Challenge,7-Dec-23
2200030181,Solution Challenge,7-Dec-23
2200030185,Solution Challenge,7-Dec-23
2200030186,Solution Challenge,7-Dec-23
2200030187,Solution Challenge,7-Dec-23
2200030188,Solution Challenge,7-Dec-23
2200030192,Solution Challenge,7-Dec-23
2200030302,Solution Challenge,7-Dec-23
2200030366,Solution Challenge,7-Dec-23
2200030405,Solution Challenge,7-Dec-23
2200030437,Solution Challenge,7-Dec-23
2200030442,Solution Challenge,7-Dec-23
2200030508,Solution Challenge,7-Dec-23
2200030520,Solution Challenge,7-Dec-23
2200030531,Solution Challenge,7-Dec-23
2200030548,Solution Challenge,7-Dec-23
2200030645,Solution Challenge,7-Dec-23
2200030690,Solution Challenge,7-Dec-23
2200030734,Solution Challenge,7-Dec-23
2200030759,Solution Challenge,7-Dec-23
2200030886,Solution Challenge,7-Dec-23
2200030888,Solution Challenge,7-Dec-23
2200030991,Solution Challenge,7-Dec-23
2200031034,Solution Challenge,7-Dec-23
2200031039,Solution Challenge,7-Dec-23
2200031124,Solution Challenge,7-Dec-23
2200031137,Solution Challenge,7-Dec-23
2200031144,Solution Challenge,7-Dec-23
2200031146,Solution Challenge,7-Dec-23
2200031150,Solution Challenge,7-Dec-23
2200031204,Solution Challenge,7-Dec-23
2200031338,Solution Challenge,7-Dec-23
2200031340,Solution Challenge,7-Dec-23
2200031389,Solution Challenge,7-Dec-23
2200031564,Solution Challenge,7-Dec-23
2200031575,Solution Challenge,7-Dec-23
2200031588,Solution Challenge,7-Dec-23
2200031589,Solution Challenge,7-Dec-23
2200031599,Solution Challenge,7-Dec-23
2200031602,Solution Challenge,7-Dec-23
2200031613,Solution Challenge,7-Dec-23
2200031614,Solution Challenge,7-Dec-23
2200031617,Solution Challenge,7-Dec-23
2200031639,Solution Challenge,7-Dec-23
2200031655,Solution Challenge,7-Dec-23
2200031714,Solution Challenge,7-Dec-23
2200031818,Solution Challenge,7-Dec-23
2200031826,Solution Challenge,7-Dec-23
2200031839,Solution Challenge,7-Dec-23
2200031844,Solution Challenge,7-Dec-23
2200031853,Solution Challenge,7-Dec-23
2200031858,Solution Challenge,7-Dec-23
2200032015,Solution Challenge,7-Dec-23
2200032055,Solution Challenge,7-Dec-23
2200032064,Solution Challenge,7-Dec-23
2200032157,Solution Challenge,7-Dec-23
2200032196,Solution Challenge,7-Dec-23
2200032276,Solution Challenge,7-Dec-23
2200032319,Solution Challenge,7-Dec-23
2200032392,Solution Challenge,7-Dec-23
2200032398,Solution Challenge,7-Dec-23
2200032502,Solution Challenge,7-Dec-23
2200032503,Solution Challenge,7-Dec-23
2200032547,Solution Challenge,7-Dec-23
2200032608,Solution Challenge,7-Dec-23
2200032626,Solution Challenge,7-Dec-23
2200032694,Solution Challenge,7-Dec-23
2200032698,Solution Challenge,7-Dec-23
2200032700,Solution Challenge,7-Dec-23
2200032737,Solution Challenge,7-Dec-23
2200032892,Solution Challenge,7-Dec-23
2200032897,Solution Challenge,7-Dec-23
2200033006,Solution Challenge,7-Dec-23
2200033144,Solution Challenge,7-Dec-23
2200033268,Solution Challenge,7-Dec-23
2200033276,Solution Challenge,7-Dec-23
2200039043,Solution Challenge,7-Dec-23
2200039112,Solution Challenge,7-Dec-23
2200039131,Solution Challenge,7-Dec-23
2200039139,Solution Challenge,7-Dec-23
2200049017,Solution Challenge,7-Dec-23
2200080224,Solution Challenge,7-Dec-23
2200032505,RPA Tools Introduction,7-Dec-23
2200030153,RPA Tools Introduction,7-Dec-23
2200030347,RPA Tools Introduction,7-Dec-23
2200030544,RPA Tools Introduction,7-Dec-23
2200030612,RPA Tools Introduction,7-Dec-23
2200030617,RPA Tools Introduction,7-Dec-23
2200030626,RPA Tools Introduction,7-Dec-23
2200030634,RPA Tools Introduction,7-Dec-23
2200030643,RPA Tools Introduction,7-Dec-23
2200030647,RPA Tools Introduction,7-Dec-23
2200030648,RPA Tools Introduction,7-Dec-23
2200030658,RPA Tools Introduction,7-Dec-23
2200030693,RPA Tools Introduction,7-Dec-23
2200030731,RPA Tools Introduction,7-Dec-23
2200030732,RPA Tools Introduction,7-Dec-23
2200030848,RPA Tools Introduction,7-Dec-23
2200030860,RPA Tools Introduction,7-Dec-23
2200030955,RPA Tools Introduction,7-Dec-23
2200030966,RPA Tools Introduction,7-Dec-23
2200030975,RPA Tools Introduction,7-Dec-23
2200031031,RPA Tools Introduction,7-Dec-23
2200031082,RPA Tools Introduction,7-Dec-23
2200031113,RPA Tools Introduction,7-Dec-23
2200031125,RPA Tools Introduction,7-Dec-23
2200031126,RPA Tools Introduction,7-Dec-23
2200031148,RPA Tools Introduction,7-Dec-23
2200031164,RPA Tools Introduction,7-Dec-23
2200031183,RPA Tools Introduction,7-Dec-23
2200031218,RPA Tools Introduction,7-Dec-23
2200031296,RPA Tools Introduction,7-Dec-23
2200031440,RPA Tools Introduction,7-Dec-23
2200031530,RPA Tools Introduction,7-Dec-23
2200031616,RPA Tools Introduction,7-Dec-23
2200031620,RPA Tools Introduction,7-Dec-23
2200031646,RPA Tools Introduction,7-Dec-23
2200031651,RPA Tools Introduction,7-Dec-23
2200031652,RPA Tools Introduction,7-Dec-23
2200031769,RPA Tools Introduction,7-Dec-23
2200031831,RPA Tools Introduction,7-Dec-23
2200031847,RPA Tools Introduction,7-Dec-23
2200031900,RPA Tools Introduction,7-Dec-23
2200031904,RPA Tools Introduction,7-Dec-23
2200031911,RPA Tools Introduction,7-Dec-23
2200032076,RPA Tools Introduction,7-Dec-23
2200032470,RPA Tools Introduction,7-Dec-23
2200032474,RPA Tools Introduction,7-Dec-23
2200032475,RPA Tools Introduction,7-Dec-23
2200032477,RPA Tools Introduction,7-Dec-23
2200032624,RPA Tools Introduction,7-Dec-23
2200032710,RPA Tools Introduction,7-Dec-23
2200032971,RPA Tools Introduction,7-Dec-23
2200033189,RPA Tools Introduction,7-Dec-23
2200033191,RPA Tools Introduction,7-Dec-23
2200039033,RPA Tools Introduction,7-Dec-23
2200039035,RPA Tools Introduction,7-Dec-23
2200039038,RPA Tools Introduction,7-Dec-23
2200039072,RPA Tools Introduction,7-Dec-23
2200039123,RPA Tools Introduction,7-Dec-23
2200039129,RPA Tools Introduction,7-Dec-23
2200039149,RPA Tools Introduction,7-Dec-23
2200039151,RPA Tools Introduction,7-Dec-23
2200039165,RPA Tools Introduction,7-Dec-23
2200040012,RPA Tools Introduction,7-Dec-23
2200049030,RPA Tools Introduction,7-Dec-23
2200049031,RPA Tools Introduction,7-Dec-23
2200049075,RPA Tools Introduction,7-Dec-23
2200069040,RPA Tools Introduction,7-Dec-23
2200069041,RPA Tools Introduction,7-Dec-23
2200069051,RPA Tools Introduction,7-Dec-23
2200069061,RPA Tools Introduction,7-Dec-23
2200069066,RPA Tools Introduction,7-Dec-23
2200069075,RPA Tools Introduction,7-Dec-23
2200079006,RPA Tools Introduction,7-Dec-23
2200079026,RPA Tools Introduction,7-Dec-23
2200080007,RPA Tools Introduction,7-Dec-23
2200080057,RPA Tools Introduction,7-Dec-23
2200090101,RPA Tools Introduction,7-Dec-23
2200090116,RPA Tools Introduction,7-Dec-23
2200090131,RPA Tools Introduction,7-Dec-23
2200010029,Salesforce overview- Recap on which we discussed upto now,7-Dec-23
2200030087,Salesforce overview- Recap on which we discussed upto now,7-Dec-23
2200030113,Salesforce overview- Recap on which we discussed upto now,7-Dec-23
2200030148,Salesforce overview- Recap on which we discussed upto now,7-Dec-23
2200030190,Salesforce overview- Recap on which we discussed upto now,7-Dec-23
2200030195,Salesforce overview- Recap on which we discussed upto now,7-Dec-23
2200030249,Salesforce overview- Recap on which we discussed upto now,7-Dec-23
2200030253,Salesforce overview- Recap on which we discussed upto now,7-Dec-23
2200030331,Salesforce overview- Recap on which we discussed upto now,7-Dec-23
2200030342,Salesforce overview- Recap on which we discussed upto now,7-Dec-23
2200030375,Salesforce overview- Recap on which we discussed upto now,7-Dec-23
2200030376,Salesforce overview- Recap on which we discussed upto now,7-Dec-23
2200030434,Salesforce overview- Recap on which we discussed upto now,7-Dec-23
2200030478,Salesforce overview- Recap on which we discussed upto now,7-Dec-23
2200030487,Salesforce overview- Recap on which we discussed upto now,7-Dec-23
2200030512,Salesforce overview- Recap on which we discussed upto now,7-Dec-23
2200030517,Salesforce overview- Recap on which we discussed upto now,7-Dec-23
2200030543,Salesforce overview- Recap on which we discussed upto now,7-Dec-23
2200030704,Salesforce overview- Recap on which we discussed upto now,7-Dec-23
2200030752,Salesforce overview- Recap on which we discussed upto now,7-Dec-23
2200030781,Salesforce overview- Recap on which we discussed upto now,7-Dec-23
2200030787,Salesforce overview- Recap on which we discussed upto now,7-Dec-23
2200030851,Salesforce overview- Recap on which we discussed upto now,7-Dec-23
2200030852,Salesforce overview- Recap on which we discussed upto now,7-Dec-23
2200030887,Salesforce overview- Recap on which we discussed upto now,7-Dec-23
2200030910,Salesforce overview- Recap on which we discussed upto now,7-Dec-23
2200030950,Salesforce overview- Recap on which we discussed upto now,7-Dec-23
2200030983,Salesforce overview- Recap on which we discussed upto now,7-Dec-23
2200030996,Salesforce overview- Recap on which we discussed upto now,7-Dec-23
2200030997,Salesforce overview- Recap on which we discussed upto now,7-Dec-23
2200031069,Salesforce overview- Recap on which we discussed upto now,7-Dec-23
2200031156,Salesforce overview- Recap on which we discussed upto now,7-Dec-23
2200031165,Salesforce overview- Recap on which we discussed upto now,7-Dec-23
2200031361,Salesforce overview- Recap on which we discussed upto now,7-Dec-23
2200031810,Salesforce overview- Recap on which we discussed upto now,7-Dec-23
2200031924,Salesforce overview- Recap on which we discussed upto now,7-Dec-23
2200031938,Salesforce overview- Recap on which we discussed upto now,7-Dec-23
2200031979,Salesforce overview- Recap on which we discussed upto now,7-Dec-23
2200031981,Salesforce overview- Recap on which we discussed upto now,7-Dec-23
2200032032,Salesforce overview- Recap on which we discussed upto now,7-Dec-23
2200032049,Salesforce overview- Recap on which we discussed upto now,7-Dec-23
2200032056,Salesforce overview- Recap on which we discussed upto now,7-Dec-23
2200032090,Salesforce overview- Recap on which we discussed upto now,7-Dec-23
2200032132,Salesforce overview- Recap on which we discussed upto now,7-Dec-23
2200032140,Salesforce overview- Recap on which we discussed upto now,7-Dec-23
2200032163,Salesforce overview- Recap on which we discussed upto now,7-Dec-23
2200032183,Salesforce overview- Recap on which we discussed upto now,7-Dec-23
2200032201,Salesforce overview- Recap on which we discussed upto now,7-Dec-23
2200032210,Salesforce overview- Recap on which we discussed upto now,7-Dec-23
2200032223,Salesforce overview- Recap on which we discussed upto now,7-Dec-23
2200032255,Salesforce overview- Recap on which we discussed upto now,7-Dec-23
2200032499,Salesforce overview- Recap on which we discussed upto now,7-Dec-23
2200032532,Salesforce overview- Recap on which we discussed upto now,7-Dec-23
2200032541,Salesforce overview- Recap on which we discussed upto now,7-Dec-23
2200032542,Salesforce overview- Recap on which we discussed upto now,7-Dec-23
2200032562,Salesforce overview- Recap on which we discussed upto now,7-Dec-23
2200032590,Salesforce overview- Recap on which we discussed upto now,7-Dec-23
2200032886,Salesforce overview- Recap on which we discussed upto now,7-Dec-23
2200033022,Salesforce overview- Recap on which we discussed upto now,7-Dec-23
2200033060,Salesforce overview- Recap on which we discussed upto now,7-Dec-23
2200033289,Salesforce overview- Recap on which we discussed upto now,7-Dec-23
2200039016,Salesforce overview- Recap on which we discussed upto now,7-Dec-23
2200039054,Salesforce overview- Recap on which we discussed upto now,7-Dec-23
2200039055,Salesforce overview- Recap on which we discussed upto now,7-Dec-23
2200039060,Salesforce overview- Recap on which we discussed upto now,7-Dec-23
2200039127,Salesforce overview- Recap on which we discussed upto now,7-Dec-23
2200039146,Salesforce overview- Recap on which we discussed upto now,7-Dec-23
2200069005,Salesforce overview- Recap on which we discussed upto now,7-Dec-23
2200069045,Salesforce overview- Recap on which we discussed upto now,7-Dec-23
2200069047,Salesforce overview- Recap on which we discussed upto now,7-Dec-23
2200069049,Salesforce overview- Recap on which we discussed upto now,7-Dec-23
2200080049,Salesforce overview- Recap on which we discussed upto now,7-Dec-23
2200080052,Salesforce overview- Recap on which we discussed upto now,7-Dec-23
2200080056,Salesforce overview- Recap on which we discussed upto now,7-Dec-23
2200080237,Salesforce overview- Recap on which we discussed upto now,7-Dec-23
2200090041,Salesforce overview- Recap on which we discussed upto now,7-Dec-23
2200090060,Salesforce overview- Recap on which we discussed upto now,7-Dec-23
2200090064,Salesforce overview- Recap on which we discussed upto now,7-Dec-23
2200090115,Salesforce overview- Recap on which we discussed upto now,7-Dec-23
2200090187,Salesforce overview- Recap on which we discussed upto now,7-Dec-23
2200039123,Micro Animation in Figma,8-Dec-23
2200039028,Micro Animation in Figma,8-Dec-23
2200039017,Micro Animation in Figma,8-Dec-23
2200039040,Micro Animation in Figma,8-Dec-23
2200039107,Micro Animation in Figma,8-Dec-23
2200039117,Micro Animation in Figma,8-Dec-23
2200039105,Micro Animation in Figma,8-Dec-23
2200039079,Micro Animation in Figma,8-Dec-23
2200030699,Micro Animation in Figma,8-Dec-23
2200030706,Micro Animation in Figma,8-Dec-23
2200080199,Micro Animation in Figma,8-Dec-23
2200089015,Micro Animation in Figma,8-Dec-23
2200080112,Micro Animation in Figma,8-Dec-23
2200032360,Micro Animation in Figma,8-Dec-23
2200032366,Micro Animation in Figma,8-Dec-23
2200032356,Micro Animation in Figma,8-Dec-23
2200030670,Micro Animation in Figma,8-Dec-23
2200069079,Micro Animation in Figma,8-Dec-23
2200069010,Micro Animation in Figma,8-Dec-23
2200031660,Micro Animation in Figma,8-Dec-23
2200032257,Micro Animation in Figma,8-Dec-23
2200080184,Micro Animation in Figma,8-Dec-23
2200031619,Micro Animation in Figma,8-Dec-23
2200069013,Micro Animation in Figma,8-Dec-23
2200039093,Micro Animation in Figma,8-Dec-23
2200069054,Micro Animation in Figma,8-Dec-23
2200069028,Micro Animation in Figma,8-Dec-23
2200069001,Micro Animation in Figma,8-Dec-23
2200520012,Micro Animation in Figma,8-Dec-23
2200520036,Micro Animation in Figma,8-Dec-23
2200520025,Micro Animation in Figma,8-Dec-23
2200520041,Micro Animation in Figma,8-Dec-23
2200010051,Micro Animation in Figma,8-Dec-23
2200049090,Micro Animation in Figma,8-Dec-23
2200049091,Micro Animation in Figma,8-Dec-23
2200049096,Micro Animation in Figma,8-Dec-23
2200032307,Micro Animation in Figma,8-Dec-23
2200032776,Micro Animation in Figma,8-Dec-23
2200080237,Micro Animation in Figma,8-Dec-23
2200032371,Micro Animation in Figma,8-Dec-23
2200049022,Micro Animation in Figma,8-Dec-23
2200049093,Micro Animation in Figma,8-Dec-23
2200520187,Micro Animation in Figma,8-Dec-23
2200520242,Micro Animation in Figma,8-Dec-23
2200030682,Micro Animation in Figma,8-Dec-23
2200032566,Micro Animation in Figma,8-Dec-23
2200010126,Micro Animation in Figma,8-Dec-23
2200010083,Micro Animation in Figma,8-Dec-23
2200010069,Micro Animation in Figma,8-Dec-23
2200010119,Micro Animation in Figma,8-Dec-23
2200010115,Micro Animation in Figma,8-Dec-23
2200010085,Micro Animation in Figma,8-Dec-23
2200520099,Micro Animation in Figma,8-Dec-23
2200520086,Micro Animation in Figma,8-Dec-23
2200039043,Micro Animation in Figma,8-Dec-23
2200049133,Micro Animation in Figma,8-Dec-23
2200030464,Generation Algorithms and Key Distributions,8-Dec-23
2200031507,Generation Algorithms and Key Distributions,8-Dec-23
2200030086,Generation Algorithms and Key Distributions,8-Dec-23
2200030856,Generation Algorithms and Key Distributions,8-Dec-23
2200090246,Generation Algorithms and Key Distributions,8-Dec-23
2200030876,Generation Algorithms and Key Distributions,8-Dec-23
2200032804,Generation Algorithms and Key Distributions,8-Dec-23
2200030700,Generation Algorithms and Key Distributions,8-Dec-23
2200030645,Generation Algorithms and Key Distributions,8-Dec-23
2200030516,Generation Algorithms and Key Distributions,8-Dec-23
2200033291,Generation Algorithms and Key Distributions,8-Dec-23
2200032291,Generation Algorithms and Key Distributions,8-Dec-23
2200032304,Generation Algorithms and Key Distributions,8-Dec-23
2200033216,Generation Algorithms and Key Distributions,8-Dec-23
2200030690,Generation Algorithms and Key Distributions,8-Dec-23
2200030663,Generation Algorithms and Key Distributions,8-Dec-23
2200030534,Generation Algorithms and Key Distributions,8-Dec-23
2200030297,Generation Algorithms and Key Distributions,8-Dec-23
2200030691,Generation Algorithms and Key Distributions,8-Dec-23
2200031315,Generation Algorithms and Key Distributions,8-Dec-23
2200030711,Generation Algorithms and Key Distributions,8-Dec-23
2200090007,Generation Algorithms and Key Distributions,8-Dec-23
2200031439,Generation Algorithms and Key Distributions,8-Dec-23
2200030883,Generation Algorithms and Key Distributions,8-Dec-23
2200039033,Generation Algorithms and Key Distributions,8-Dec-23
2200039035,Generation Algorithms and Key Distributions,8-Dec-23
2200031191,Generation Algorithms and Key Distributions,8-Dec-23
2200031251,Generation Algorithms and Key Distributions,8-Dec-23
2200049040,IoT Unleashed Intel's Vision For a Connected Tomorrow,8-Dec-23
2200032913,IoT Unleashed Intel's Vision For a Connected Tomorrow,8-Dec-23
2200030456,IoT Unleashed Intel's Vision For a Connected Tomorrow,8-Dec-23
2200030042,IoT Unleashed Intel's Vision For a Connected Tomorrow,8-Dec-23
2200030829,IoT Unleashed Intel's Vision For a Connected Tomorrow,8-Dec-23
2200033157,IoT Unleashed Intel's Vision For a Connected Tomorrow,8-Dec-23
2200090221,IoT Unleashed Intel's Vision For a Connected Tomorrow,8-Dec-23
2200069030,IoT Unleashed Intel's Vision For a Connected Tomorrow,8-Dec-23
2200029015,IoT Unleashed Intel's Vision For a Connected Tomorrow,8-Dec-23
2200031110,IoT Unleashed Intel's Vision For a Connected Tomorrow,8-Dec-23
2200030591,IoT Unleashed Intel's Vision For a Connected Tomorrow,8-Dec-23
2200030573,IoT Unleashed Intel's Vision For a Connected Tomorrow,8-Dec-23
2200031943,IoT Unleashed Intel's Vision For a Connected Tomorrow,8-Dec-23
2200039118,IoT Unleashed Intel's Vision For a Connected Tomorrow,8-Dec-23
2200039084,IoT Unleashed Intel's Vision For a Connected Tomorrow,8-Dec-23
2200030374,IoT Unleashed Intel's Vision For a Connected Tomorrow,8-Dec-23
2200032806,IoT Unleashed Intel's Vision For a Connected Tomorrow,8-Dec-23
2200069065,IoT Unleashed Intel's Vision For a Connected Tomorrow,8-Dec-23
2200032873,IoT Unleashed Intel's Vision For a Connected Tomorrow,8-Dec-23
2200520118,IoT Unleashed Intel's Vision For a Connected Tomorrow,8-Dec-23
2200520119,IoT Unleashed Intel's Vision For a Connected Tomorrow,8-Dec-23
2200031113,IoT Unleashed Intel's Vision For a Connected Tomorrow,8-Dec-23
2200032966,IoT Unleashed Intel's Vision For a Connected Tomorrow,8-Dec-23
2200031900,IoT Unleashed Intel's Vision For a Connected Tomorrow,8-Dec-23
2200031904,IoT Unleashed Intel's Vision For a Connected Tomorrow,8-Dec-23
2200030982,IoT Unleashed Intel's Vision For a Connected Tomorrow,8-Dec-23
2200032672,IoT Unleashed Intel's Vision For a Connected Tomorrow,8-Dec-23
2200080169,IoT Unleashed Intel's Vision For a Connected Tomorrow,8-Dec-23
2200031207,IoT Unleashed Intel's Vision For a Connected Tomorrow,8-Dec-23
2200030472,IoT Unleashed Intel's Vision For a Connected Tomorrow,8-Dec-23
